lam,p,window,poly,Accuracy,Precision,Recall,F1,Accuracy Std,Precision Std,Recall Std,F1 Std
1000,0.001,5,1,0.8167622950819672,0.8167908896787163,0.8171337473744513,0.8157404478261165,0.02305540915736773,0.022693546433348744,0.024601025437080763,0.023414498308251982
1000,0.001,5,2,0.7931104400345126,0.7935796452494277,0.7937600601571961,0.7921187894900591,0.020897934218931845,0.021283779404882745,0.022732067515421055,0.022003754510481376
