lam,p,Accuracy,Precision,Recall,F1,Accuracy Std,Precision Std,Recall Std,F1 Std
10000000000,0.1,0.9405597497842967,0.94013700869244,0.940702270412558,0.9400322267890757,0.017376935953187025,0.01709376318879506,0.01774602891022309,0.017564865038000078
10000000000,0.05,0.9359695858498706,0.9358913698295919,0.9362427235404647,0.935514675513344,0.014501927474901888,0.013701214481367295,0.015177723441830146,0.014540167942121453
1000000000,0.05,0.9353030629853322,0.9354884622016393,0.9361510118491836,0.9351218100718011,0.018460248611246413,0.0185103967042616,0.01869291582663867,0.018622344590513016
1000000000,0.01,0.9343183779119932,0.9341583740830439,0.934390612422342,0.9336954527970981,0.01712182932851049,0.016125306430188568,0.017939027055995288,0.017151173402783586
1000000000,0.1,0.9310375323554787,0.9308375438431765,0.9310484972476096,0.9304595920740468,0.017801084703217354,0.017733967019099767,0.018191899794304276,0.01801364970626589
10000000000,0.01,0.9297282139775668,0.9292978991927164,0.9300000807408487,0.9291620048694982,0.014666743445201256,0.015150751804767408,0.015170055753065226,0.015245772286111124
