lam,p,Accuracy,Precision,Recall,F1,Accuracy Std,Precision Std,Recall Std,F1 Std
10000000,0.001,0.5797777777777777,0.5759447696862093,0.5911610925306577,0.5624759027054075,0.11669677184192817,0.11664516782269048,0.14241134273919911,0.1308656994138276
100000000,0.001,0.5753492063492065,0.5808073188111899,0.5821419546636937,0.5576859473567777,0.11887318543375353,0.11509521503993414,0.13818449876216468,0.13258142226437072
