window,poly,Accuracy,Precision,Recall,F1,Accuracy Std,Precision Std,Recall Std,F1 Std
9,1,0.49682539682539684,0.5091327998515747,0.5031553325901152,0.4688468774284023,0.08800661923386532,0.08357897138148752,0.12677073239545794,0.1038440204636054
101,1,0.4866666666666667,0.5056085380648547,0.49719082125603864,0.46438684955059495,0.10194564773428395,0.09822630324747236,0.1380437903317293,0.11313070790428785
