lam,p,Accuracy,Precision,Recall,F1,Accuracy Std,Precision Std,Recall Std,F1 Std
100000000,0.001,0.5444285714285714,0.5509236422102869,0.5626105536975101,0.5227860520087202,0.12421972036146993,0.11978753014500938,0.16071139153518127,0.13994395138267884
10000000,0.001,0.540936507936508,0.5433252183248627,0.5560509104422149,0.520248430581257,0.11942843746564304,0.12271983614698281,0.1553793151063616,0.1339388166492859
