lam,p,window,poly,Accuracy,Precision,Recall,F1,Accuracy Std,Precision Std,Recall Std,F1 Std
10000000,0.001,9,1,0.6046507936507937,0.6029878523330623,0.6171486436269045,0.5874310206874591,0.11101045440702566,0.111635180130495,0.13686467284879908,0.1264695920219314
100000000,0.001,9,1,0.5764761904761905,0.5808088056885454,0.5830379041248606,0.5567765479265919,0.11066158044573235,0.11097459108798428,0.1310940667872162,0.12485181725827667
10000000,0.001,101,1,0.5651904761904762,0.5616310180939266,0.57079580081754,0.5448898050783056,0.10838982886442695,0.10613376894252963,0.13013866364751067,0.12005003493496083
100000000,0.001,101,1,0.5594444444444443,0.5677823538696478,0.5669604236343367,0.5408555147439319,0.1085786280449702,0.10301135435644077,0.12525351326045128,0.12066388881772384
