window,poly,Accuracy,Precision,Recall,F1,Accuracy Std,Precision Std,Recall Std,F1 Std
9,1,0.5331269841269841,0.5367011728314132,0.5256781865477518,0.5056660548838008,0.12741713969491014,0.11656277346768987,0.14363010210642152,0.13624770290962554
101,1,0.5243333333333334,0.5278038697117476,0.5171716833890747,0.49695147354148156,0.12635686444846464,0.11657176451224734,0.14200428823058034,0.1357610169091201
